first,last,identity,name
Hong,Chen,Asian or Pacific Islander,Hong Chen
Hong,Kim,Asian or Pacific Islander,Hong Kim
Hong,Le,Asian or Pacific Islander,Hong Le
Hong,Li,Asian or Pacific Islander,Hong Li
Hong,Nguyen,Asian or Pacific Islander,Hong Nguyen
Hong,Patel,Asian or Pacific Islander,Hong Patel
Hong,Pham,Asian or Pacific Islander,Hong Pham
Hong,Tran,Asian or Pacific Islander,Hong Tran
Hong,Wang,Asian or Pacific Islander,Hong Wang
Hong,Yang,Asian or Pacific Islander,Hong Yang
Hung,Chen,Asian or Pacific Islander,Hung Chen
Hung,Kim,Asian or Pacific Islander,Hung Kim
Hung,Le,Asian or Pacific Islander,Hung Le
Hung,Li,Asian or Pacific Islander,Hung Li
Hung,Nguyen,Asian or Pacific Islander,Hung Nguyen
Hung,Patel,Asian or Pacific Islander,Hung Patel
Hung,Pham,Asian or Pacific Islander,Hung Pham
Hung,Tran,Asian or Pacific Islander,Hung Tran
Hung,Wang,Asian or Pacific Islander,Hung Wang
Hung,Yang,Asian or Pacific Islander,Hung Yang
Jian,Chen,Asian or Pacific Islander,Jian Chen
Jian,Kim,Asian or Pacific Islander,Jian Kim
Jian,Le,Asian or Pacific Islander,Jian Le
Jian,Li,Asian or Pacific Islander,Jian Li
Jian,Nguyen,Asian or Pacific Islander,Jian Nguyen
Jian,Patel,Asian or Pacific Islander,Jian Patel
Jian,Pham,Asian or Pacific Islander,Jian Pham
Jian,Tran,Asian or Pacific Islander,Jian Tran
Jian,Wang,Asian or Pacific Islander,Jian Wang
Jian,Yang,Asian or Pacific Islander,Jian Yang
Jin,Chen,Asian or Pacific Islander,Jin Chen
Jin,Kim,Asian or Pacific Islander,Jin Kim
Jin,Le,Asian or Pacific Islander,Jin Le
Jin,Li,Asian or Pacific Islander,Jin Li
Jin,Nguyen,Asian or Pacific Islander,Jin Nguyen
Jin,Patel,Asian or Pacific Islander,Jin Patel
Jin,Pham,Asian or Pacific Islander,Jin Pham
Jin,Tran,Asian or Pacific Islander,Jin Tran
Jin,Wang,Asian or Pacific Islander,Jin Wang
Jin,Yang,Asian or Pacific Islander,Jin Yang
Li,Chen,Asian or Pacific Islander,Li Chen
Li,Kim,Asian or Pacific Islander,Li Kim
Li,Le,Asian or Pacific Islander,Li Le
Li,Li,Asian or Pacific Islander,Li Li
Li,Nguyen,Asian or Pacific Islander,Li Nguyen
Li,Patel,Asian or Pacific Islander,Li Patel
Li,Pham,Asian or Pacific Islander,Li Pham
Li,Tran,Asian or Pacific Islander,Li Tran
Li,Wang,Asian or Pacific Islander,Li Wang
Li,Yang,Asian or Pacific Islander,Li Yang
Minh,Chen,Asian or Pacific Islander,Minh Chen
Minh,Kim,Asian or Pacific Islander,Minh Kim
Minh,Le,Asian or Pacific Islander,Minh Le
Minh,Li,Asian or Pacific Islander,Minh Li
Minh,Nguyen,Asian or Pacific Islander,Minh Nguyen
Minh,Patel,Asian or Pacific Islander,Minh Patel
Minh,Pham,Asian or Pacific Islander,Minh Pham
Minh,Tran,Asian or Pacific Islander,Minh Tran
Minh,Wang,Asian or Pacific Islander,Minh Wang
Minh,Yang,Asian or Pacific Islander,Minh Yang
Thanh,Chen,Asian or Pacific Islander,Thanh Chen
Thanh,Kim,Asian or Pacific Islander,Thanh Kim
Thanh,Le,Asian or Pacific Islander,Thanh Le
Thanh,Li,Asian or Pacific Islander,Thanh Li
Thanh,Nguyen,Asian or Pacific Islander,Thanh Nguyen
Thanh,Patel,Asian or Pacific Islander,Thanh Patel
Thanh,Pham,Asian or Pacific Islander,Thanh Pham
Thanh,Tran,Asian or Pacific Islander,Thanh Tran
Thanh,Wang,Asian or Pacific Islander,Thanh Wang
Thanh,Yang,Asian or Pacific Islander,Thanh Yang
Wei,Chen,Asian or Pacific Islander,Wei Chen
Wei,Kim,Asian or Pacific Islander,Wei Kim
Wei,Le,Asian or Pacific Islander,Wei Le
Wei,Li,Asian or Pacific Islander,Wei Li
Wei,Nguyen,Asian or Pacific Islander,Wei Nguyen
Wei,Patel,Asian or Pacific Islander,Wei Patel
Wei,Pham,Asian or Pacific Islander,Wei Pham
Wei,Tran,Asian or Pacific Islander,Wei Tran
Wei,Wang,Asian or Pacific Islander,Wei Wang
Wei,Yang,Asian or Pacific Islander,Wei Yang
Yong,Chen,Asian or Pacific Islander,Yong Chen
Yong,Kim,Asian or Pacific Islander,Yong Kim
Yong,Le,Asian or Pacific Islander,Yong Le
Yong,Li,Asian or Pacific Islander,Yong Li
Yong,Nguyen,Asian or Pacific Islander,Yong Nguyen
Yong,Patel,Asian or Pacific Islander,Yong Patel
Yong,Pham,Asian or Pacific Islander,Yong Pham
Yong,Tran,Asian or Pacific Islander,Yong Tran
Yong,Wang,Asian or Pacific Islander,Yong Wang
Yong,Yang,Asian or Pacific Islander,Yong Yang
Young,Chen,Asian or Pacific Islander,Young Chen
Young,Kim,Asian or Pacific Islander,Young Kim
Young,Le,Asian or Pacific Islander,Young Le
Young,Li,Asian or Pacific Islander,Young Li
Young,Nguyen,Asian or Pacific Islander,Young Nguyen
Young,Patel,Asian or Pacific Islander,Young Patel
Young,Pham,Asian or Pacific Islander,Young Pham
Young,Tran,Asian or Pacific Islander,Young Tran
Young,Wang,Asian or Pacific Islander,Young Wang
Young,Yang,Asian or Pacific Islander,Young Yang
Darnell,Burke,Black or African American,Darnell Burke
Darnell,Carpenter,Black or African American,Darnell Carpenter
Darnell,Fox,Black or African American,Darnell Fox
Darnell,Jackson,Black or African American,Darnell Jackson
Darnell,Stone,Black or African American,Darnell Stone
Darnell,Sullivan,Black or African American,Darnell Sullivan
Darnell,Washington,Black or African American,Darnell Washington
Darnell,Weaver,Black or African American,Darnell Weaver
Darnell,Williams,Black or African American,Darnell Williams
Darnell,Wood,Black or African American,Darnell Wood
Ebony,Burke,Black or African American,Ebony Burke
Ebony,Carpenter,Black or African American,Ebony Carpenter
Ebony,Fox,Black or African American,Ebony Fox
Ebony,Jackson,Black or African American,Ebony Jackson
Ebony,Stone,Black or African American,Ebony Stone
Ebony,Sullivan,Black or African American,Ebony Sullivan
Ebony,Washington,Black or African American,Ebony Washington
Ebony,Weaver,Black or African American,Ebony Weaver
Ebony,Williams,Black or African American,Ebony Williams
Ebony,Wood,Black or African American,Ebony Wood
Jermaine,Burke,Black or African American,Jermaine Burke
Jermaine,Carpenter,Black or African American,Jermaine Carpenter
Jermaine,Fox,Black or African American,Jermaine Fox
Jermaine,Jackson,Black or African American,Jermaine Jackson
Jermaine,Stone,Black or African American,Jermaine Stone
Jermaine,Sullivan,Black or African American,Jermaine Sullivan
Jermaine,Washington,Black or African American,Jermaine Washington
Jermaine,Weaver,Black or African American,Jermaine Weaver
Jermaine,Williams,Black or African American,Jermaine Williams
Jermaine,Wood,Black or African American,Jermaine Wood
Lakisha,Burke,Black or African American,Lakisha Burke
Lakisha,Carpenter,Black or African American,Lakisha Carpenter
Lakisha,Fox,Black or African American,Lakisha Fox
Lakisha,Jackson,Black or African American,Lakisha Jackson
Lakisha,Stone,Black or African American,Lakisha Stone
Lakisha,Sullivan,Black or African American,Lakisha Sullivan
Lakisha,Washington,Black or African American,Lakisha Washington
Lakisha,Weaver,Black or African American,Lakisha Weaver
Lakisha,Williams,Black or African American,Lakisha Williams
Lakisha,Wood,Black or African American,Lakisha Wood
Latasha,Burke,Black or African American,Latasha Burke
Latasha,Carpenter,Black or African American,Latasha Carpenter
Latasha,Fox,Black or African American,Latasha Fox
Latasha,Jackson,Black or African American,Latasha Jackson
Latasha,Stone,Black or African American,Latasha Stone
Latasha,Sullivan,Black or African American,Latasha Sullivan
Latasha,Washington,Black or African American,Latasha Washington
Latasha,Weaver,Black or African American,Latasha Weaver
Latasha,Williams,Black or African American,Latasha Williams
Latasha,Wood,Black or African American,Latasha Wood
Latonya,Burke,Black or African American,Latonya Burke
Latonya,Carpenter,Black or African American,Latonya Carpenter
Latonya,Fox,Black or African American,Latonya Fox
Latonya,Jackson,Black or African American,Latonya Jackson
Latonya,Stone,Black or African American,Latonya Stone
Latonya,Sullivan,Black or African American,Latonya Sullivan
Latonya,Washington,Black or African American,Latonya Washington
Latonya,Weaver,Black or African American,Latonya Weaver
Latonya,Williams,Black or African American,Latonya Williams
Latonya,Wood,Black or African American,Latonya Wood
Latoya,Burke,Black or African American,Latoya Burke
Latoya,Carpenter,Black or African American,Latoya Carpenter
Latoya,Fox,Black or African American,Latoya Fox
Latoya,Jackson,Black or African American,Latoya Jackson
Latoya,Stone,Black or African American,Latoya Stone
Latoya,Sullivan,Black or African American,Latoya Sullivan
Latoya,Washington,Black or African American,Latoya Washington
Latoya,Weaver,Black or African American,Latoya Weaver
Latoya,Williams,Black or African American,Latoya Williams
Latoya,Wood,Black or African American,Latoya Wood
Roosevelt,Burke,Black or African American,Roosevelt Burke
Roosevelt,Carpenter,Black or African American,Roosevelt Carpenter
Roosevelt,Fox,Black or African American,Roosevelt Fox
Roosevelt,Jackson,Black or African American,Roosevelt Jackson
Roosevelt,Stone,Black or African American,Roosevelt Stone
Roosevelt,Sullivan,Black or African American,Roosevelt Sullivan
Roosevelt,Washington,Black or African American,Roosevelt Washington
Roosevelt,Weaver,Black or African American,Roosevelt Weaver
Roosevelt,Williams,Black or African American,Roosevelt Williams
Roosevelt,Wood,Black or African American,Roosevelt Wood
Tamika,Burke,Black or African American,Tamika Burke
Tamika,Carpenter,Black or African American,Tamika Carpenter
Tamika,Fox,Black or African American,Tamika Fox
Tamika,Jackson,Black or African American,Tamika Jackson
Tamika,Stone,Black or African American,Tamika Stone
Tamika,Sullivan,Black or African American,Tamika Sullivan
Tamika,Washington,Black or African American,Tamika Washington
Tamika,Weaver,Black or African American,Tamika Weaver
Tamika,Williams,Black or African American,Tamika Williams
Tamika,Wood,Black or African American,Tamika Wood
Tanisha,Burke,Black or African American,Tanisha Burke
Tanisha,Carpenter,Black or African American,Tanisha Carpenter
Tanisha,Fox,Black or African American,Tanisha Fox
Tanisha,Jackson,Black or African American,Tanisha Jackson
Tanisha,Stone,Black or African American,Tanisha Stone
Tanisha,Sullivan,Black or African American,Tanisha Sullivan
Tanisha,Washington,Black or African American,Tanisha Washington
Tanisha,Weaver,Black or African American,Tanisha Weaver
Tanisha,Williams,Black or African American,Tanisha Williams
Tanisha,Wood,Black or African American,Tanisha Wood
Alejandro,Garcia,Hispanic,Alejandro Garcia
Alejandro,Gonzalez,Hispanic,Alejandro Gonzalez
Alejandro,Hernandez,Hispanic,Alejandro Hernandez
Alejandro,Lopez,Hispanic,Alejandro Lopez
Alejandro,Martinez,Hispanic,Alejandro Martinez
Alejandro,Perez,Hispanic,Alejandro Perez
Alejandro,Ramirez,Hispanic,Alejandro Ramirez
Alejandro,Rodriguez,Hispanic,Alejandro Rodriguez
Alejandro,Sanchez,Hispanic,Alejandro Sanchez
Alejandro,Torres,Hispanic,Alejandro Torres
Guadalupe,Garcia,Hispanic,Guadalupe Garcia
Guadalupe,Gonzalez,Hispanic,Guadalupe Gonzalez
Guadalupe,Hernandez,Hispanic,Guadalupe Hernandez
Guadalupe,Lopez,Hispanic,Guadalupe Lopez
Guadalupe,Martinez,Hispanic,Guadalupe Martinez
Guadalupe,Perez,Hispanic,Guadalupe Perez
Guadalupe,Ramirez,Hispanic,Guadalupe Ramirez
Guadalupe,Rodriguez,Hispanic,Guadalupe Rodriguez
Guadalupe,Sanchez,Hispanic,Guadalupe Sanchez
Guadalupe,Torres,Hispanic,Guadalupe Torres
Hector,Garcia,Hispanic,Hector Garcia
Hector,Gonzalez,Hispanic,Hector Gonzalez
Hector,Hernandez,Hispanic,Hector Hernandez
Hector,Lopez,Hispanic,Hector Lopez
Hector,Martinez,Hispanic,Hector Martinez
Hector,Perez,Hispanic,Hector Perez
Hector,Ramirez,Hispanic,Hector Ramirez
Hector,Rodriguez,Hispanic,Hector Rodriguez
Hector,Sanchez,Hispanic,Hector Sanchez
Hector,Torres,Hispanic,Hector Torres
Javier,Garcia,Hispanic,Javier Garcia
Javier,Gonzalez,Hispanic,Javier Gonzalez
Javier,Hernandez,Hispanic,Javier Hernandez
Javier,Lopez,Hispanic,Javier Lopez
Javier,Martinez,Hispanic,Javier Martinez
Javier,Perez,Hispanic,Javier Perez
Javier,Ramirez,Hispanic,Javier Ramirez
Javier,Rodriguez,Hispanic,Javier Rodriguez
Javier,Sanchez,Hispanic,Javier Sanchez
Javier,Torres,Hispanic,Javier Torres
Jesus,Garcia,Hispanic,Jesus Garcia
Jesus,Gonzalez,Hispanic,Jesus Gonzalez
Jesus,Hernandez,Hispanic,Jesus Hernandez
Jesus,Lopez,Hispanic,Jesus Lopez
Jesus,Martinez,Hispanic,Jesus Martinez
Jesus,Perez,Hispanic,Jesus Perez
Jesus,Ramirez,Hispanic,Jesus Ramirez
Jesus,Rodriguez,Hispanic,Jesus Rodriguez
Jesus,Sanchez,Hispanic,Jesus Sanchez
Jesus,Torres,Hispanic,Jesus Torres
Jorge,Garcia,Hispanic,Jorge Garcia
Jorge,Gonzalez,Hispanic,Jorge Gonzalez
Jorge,Hernandez,Hispanic,Jorge Hernandez
Jorge,Lopez,Hispanic,Jorge Lopez
Jorge,Martinez,Hispanic,Jorge Martinez
Jorge,Perez,Hispanic,Jorge Perez
Jorge,Ramirez,Hispanic,Jorge Ramirez
Jorge,Rodriguez,Hispanic,Jorge Rodriguez
Jorge,Sanchez,Hispanic,Jorge Sanchez
Jorge,Torres,Hispanic,Jorge Torres
Juan,Garcia,Hispanic,Juan Garcia
Juan,Gonzalez,Hispanic,Juan Gonzalez
Juan,Hernandez,Hispanic,Juan Hernandez
Juan,Lopez,Hispanic,Juan Lopez
Juan,Martinez,Hispanic,Juan Martinez
Juan,Perez,Hispanic,Juan Perez
Juan,Ramirez,Hispanic,Juan Ramirez
Juan,Rodriguez,Hispanic,Juan Rodriguez
Juan,Sanchez,Hispanic,Juan Sanchez
Juan,Torres,Hispanic,Juan Torres
Julio,Garcia,Hispanic,Julio Garcia
Julio,Gonzalez,Hispanic,Julio Gonzalez
Julio,Hernandez,Hispanic,Julio Hernandez
Julio,Lopez,Hispanic,Julio Lopez
Julio,Martinez,Hispanic,Julio Martinez
Julio,Perez,Hispanic,Julio Perez
Julio,Ramirez,Hispanic,Julio Ramirez
Julio,Rodriguez,Hispanic,Julio Rodriguez
Julio,Sanchez,Hispanic,Julio Sanchez
Julio,Torres,Hispanic,Julio Torres
Miguel,Garcia,Hispanic,Miguel Garcia
Miguel,Gonzalez,Hispanic,Miguel Gonzalez
Miguel,Hernandez,Hispanic,Miguel Hernandez
Miguel,Lopez,Hispanic,Miguel Lopez
Miguel,Martinez,Hispanic,Miguel Martinez
Miguel,Perez,Hispanic,Miguel Perez
Miguel,Ramirez,Hispanic,Miguel Ramirez
Miguel,Rodriguez,Hispanic,Miguel Rodriguez
Miguel,Sanchez,Hispanic,Miguel Sanchez
Miguel,Torres,Hispanic,Miguel Torres
Salvador,Garcia,Hispanic,Salvador Garcia
Salvador,Gonzalez,Hispanic,Salvador Gonzalez
Salvador,Hernandez,Hispanic,Salvador Hernandez
Salvador,Lopez,Hispanic,Salvador Lopez
Salvador,Martinez,Hispanic,Salvador Martinez
Salvador,Perez,Hispanic,Salvador Perez
Salvador,Ramirez,Hispanic,Salvador Ramirez
Salvador,Rodriguez,Hispanic,Salvador Rodriguez
Salvador,Sanchez,Hispanic,Salvador Sanchez
Salvador,Torres,Hispanic,Salvador Torres
David,Hansen,White,David Hansen
David,Hoffman,White,David Hoffman
David,Johnston,White,David Johnston
David,Larson,White,David Larson
David,Meyer,White,David Meyer
David,Olson,White,David Olson
David,Ryan,White,David Ryan
David,Schmidt,White,David Schmidt
David,Snyder,White,David Snyder
David,Wagner,White,David Wagner
James,Hansen,White,James Hansen
James,Hoffman,White,James Hoffman
James,Johnston,White,James Johnston
James,Larson,White,James Larson
James,Meyer,White,James Meyer
James,Olson,White,James Olson
James,Ryan,White,James Ryan
James,Schmidt,White,James Schmidt
James,Snyder,White,James Snyder
James,Wagner,White,James Wagner
John,Hansen,White,John Hansen
John,Hoffman,White,John Hoffman
John,Johnston,White,John Johnston
John,Larson,White,John Larson
John,Meyer,White,John Meyer
John,Olson,White,John Olson
John,Ryan,White,John Ryan
John,Schmidt,White,John Schmidt
John,Snyder,White,John Snyder
John,Wagner,White,John Wagner
Mark,Hansen,White,Mark Hansen
Mark,Hoffman,White,Mark Hoffman
Mark,Johnston,White,Mark Johnston
Mark,Larson,White,Mark Larson
Mark,Meyer,White,Mark Meyer
Mark,Olson,White,Mark Olson
Mark,Ryan,White,Mark Ryan
Mark,Schmidt,White,Mark Schmidt
Mark,Snyder,White,Mark Snyder
Mark,Wagner,White,Mark Wagner
Mary,Hansen,White,Mary Hansen
Mary,Hoffman,White,Mary Hoffman
Mary,Johnston,White,Mary Johnston
Mary,Larson,White,Mary Larson
Mary,Meyer,White,Mary Meyer
Mary,Olson,White,Mary Olson
Mary,Ryan,White,Mary Ryan
Mary,Schmidt,White,Mary Schmidt
Mary,Snyder,White,Mary Snyder
Mary,Wagner,White,Mary Wagner
Michael,Hansen,White,Michael Hansen
Michael,Hoffman,White,Michael Hoffman
Michael,Johnston,White,Michael Johnston
Michael,Larson,White,Michael Larson
Michael,Meyer,White,Michael Meyer
Michael,Olson,White,Michael Olson
Michael,Ryan,White,Michael Ryan
Michael,Schmidt,White,Michael Schmidt
Michael,Snyder,White,Michael Snyder
Michael,Wagner,White,Michael Wagner
Richard,Hansen,White,Richard Hansen
Richard,Hoffman,White,Richard Hoffman
Richard,Johnston,White,Richard Johnston
Richard,Larson,White,Richard Larson
Richard,Meyer,White,Richard Meyer
Richard,Olson,White,Richard Olson
Richard,Ryan,White,Richard Ryan
Richard,Schmidt,White,Richard Schmidt
Richard,Snyder,White,Richard Snyder
Richard,Wagner,White,Richard Wagner
Robert,Hansen,White,Robert Hansen
Robert,Hoffman,White,Robert Hoffman
Robert,Johnston,White,Robert Johnston
Robert,Larson,White,Robert Larson
Robert,Meyer,White,Robert Meyer
Robert,Olson,White,Robert Olson
Robert,Ryan,White,Robert Ryan
Robert,Schmidt,White,Robert Schmidt
Robert,Snyder,White,Robert Snyder
Robert,Wagner,White,Robert Wagner
Thomas,Hansen,White,Thomas Hansen
Thomas,Hoffman,White,Thomas Hoffman
Thomas,Johnston,White,Thomas Johnston
Thomas,Larson,White,Thomas Larson
Thomas,Meyer,White,Thomas Meyer
Thomas,Olson,White,Thomas Olson
Thomas,Ryan,White,Thomas Ryan
Thomas,Schmidt,White,Thomas Schmidt
Thomas,Snyder,White,Thomas Snyder
Thomas,Wagner,White,Thomas Wagner
William,Hansen,White,William Hansen
William,Hoffman,White,William Hoffman
William,Johnston,White,William Johnston
William,Larson,White,William Larson
William,Meyer,White,William Meyer
William,Olson,White,William Olson
William,Ryan,White,William Ryan
William,Schmidt,White,William Schmidt
William,Snyder,White,William Snyder
William,Wagner,White,William Wagner
Alan,Chen,White Asian,Alan Chen
Alan,Kim,White Asian,Alan Kim
Alan,Le,White Asian,Alan Le
Alan,Li,White Asian,Alan Li
Alan,Nguyen,White Asian,Alan Nguyen
Alan,Patel,White Asian,Alan Patel
Alan,Pham,White Asian,Alan Pham
Alan,Tran,White Asian,Alan Tran
Alan,Wang,White Asian,Alan Wang
Alan,Yang,White Asian,Alan Yang
Albert,Chen,White Asian,Albert Chen
Albert,Kim,White Asian,Albert Kim
Albert,Le,White Asian,Albert Le
Albert,Li,White Asian,Albert Li
Albert,Nguyen,White Asian,Albert Nguyen
Albert,Patel,White Asian,Albert Patel
Albert,Pham,White Asian,Albert Pham
Albert,Tran,White Asian,Albert Tran
Albert,Wang,White Asian,Albert Wang
Albert,Yang,White Asian,Albert Yang
Alex,Chen,White Asian,Alex Chen
Alex,Kim,White Asian,Alex Kim
Alex,Le,White Asian,Alex Le
Alex,Li,White Asian,Alex Li
Alex,Nguyen,White Asian,Alex Nguyen
Alex,Patel,White Asian,Alex Patel
Alex,Pham,White Asian,Alex Pham
Alex,Tran,White Asian,Alex Tran
Alex,Wang,White Asian,Alex Wang
Alex,Yang,White Asian,Alex Yang
Alice,Chen,White Asian,Alice Chen
Alice,Kim,White Asian,Alice Kim
Alice,Le,White Asian,Alice Le
Alice,Li,White Asian,Alice Li
Alice,Nguyen,White Asian,Alice Nguyen
Alice,Patel,White Asian,Alice Patel
Alice,Pham,White Asian,Alice Pham
Alice,Tran,White Asian,Alice Tran
Alice,Wang,White Asian,Alice Wang
Alice,Yang,White Asian,Alice Yang
Amy,Chen,White Asian,Amy Chen
Amy,Kim,White Asian,Amy Kim
Amy,Le,White Asian,Amy Le
Amy,Li,White Asian,Amy Li
Amy,Nguyen,White Asian,Amy Nguyen
Amy,Patel,White Asian,Amy Patel
Amy,Pham,White Asian,Amy Pham
Amy,Tran,White Asian,Amy Tran
Amy,Wang,White Asian,Amy Wang
Amy,Yang,White Asian,Amy Yang
Andrew,Chen,White Asian,Andrew Chen
Andrew,Kim,White Asian,Andrew Kim
Andrew,Le,White Asian,Andrew Le
Andrew,Li,White Asian,Andrew Li
Andrew,Nguyen,White Asian,Andrew Nguyen
Andrew,Patel,White Asian,Andrew Patel
Andrew,Pham,White Asian,Andrew Pham
Andrew,Tran,White Asian,Andrew Tran
Andrew,Wang,White Asian,Andrew Wang
Andrew,Yang,White Asian,Andrew Yang
Andy,Chen,White Asian,Andy Chen
Andy,Kim,White Asian,Andy Kim
Andy,Le,White Asian,Andy Le
Andy,Li,White Asian,Andy Li
Andy,Nguyen,White Asian,Andy Nguyen
Andy,Patel,White Asian,Andy Patel
Andy,Pham,White Asian,Andy Pham
Andy,Tran,White Asian,Andy Tran
Andy,Wang,White Asian,Andy Wang
Andy,Yang,White Asian,Andy Yang
Cecilia,Chen,White Asian,Cecilia Chen
Cecilia,Kim,White Asian,Cecilia Kim
Cecilia,Le,White Asian,Cecilia Le
Cecilia,Li,White Asian,Cecilia Li
Cecilia,Nguyen,White Asian,Cecilia Nguyen
Cecilia,Patel,White Asian,Cecilia Patel
Cecilia,Pham,White Asian,Cecilia Pham
Cecilia,Tran,White Asian,Cecilia Tran
Cecilia,Wang,White Asian,Cecilia Wang
Cecilia,Yang,White Asian,Cecilia Yang
Cindy,Chen,White Asian,Cindy Chen
Cindy,Kim,White Asian,Cindy Kim
Cindy,Le,White Asian,Cindy Le
Cindy,Li,White Asian,Cindy Li
Cindy,Nguyen,White Asian,Cindy Nguyen
Cindy,Patel,White Asian,Cindy Patel
Cindy,Pham,White Asian,Cindy Pham
Cindy,Tran,White Asian,Cindy Tran
Cindy,Wang,White Asian,Cindy Wang
Cindy,Yang,White Asian,Cindy Yang
Dan,Chen,White Asian,Dan Chen
Dan,Kim,White Asian,Dan Kim
Dan,Le,White Asian,Dan Le
Dan,Li,White Asian,Dan Li
Dan,Nguyen,White Asian,Dan Nguyen
Dan,Patel,White Asian,Dan Patel
Dan,Pham,White Asian,Dan Pham
Dan,Tran,White Asian,Dan Tran
Dan,Wang,White Asian,Dan Wang
Dan,Yang,White Asian,Dan Yang
David,Chen,White Asian,David Chen
David,Kim,White Asian,David Kim
David,Le,White Asian,David Le
David,Li,White Asian,David Li
David,Nguyen,White Asian,David Nguyen
David,Patel,White Asian,David Patel
David,Pham,White Asian,David Pham
David,Tran,White Asian,David Tran
David,Wang,White Asian,David Wang
David,Yang,White Asian,David Yang
Eric,Chen,White Asian,Eric Chen
Eric,Kim,White Asian,Eric Kim
Eric,Le,White Asian,Eric Le
Eric,Li,White Asian,Eric Li
Eric,Nguyen,White Asian,Eric Nguyen
Eric,Patel,White Asian,Eric Patel
Eric,Pham,White Asian,Eric Pham
Eric,Tran,White Asian,Eric Tran
Eric,Wang,White Asian,Eric Wang
Eric,Yang,White Asian,Eric Yang
Grace,Chen,White Asian,Grace Chen
Grace,Kim,White Asian,Grace Kim
Grace,Le,White Asian,Grace Le
Grace,Li,White Asian,Grace Li
Grace,Nguyen,White Asian,Grace Nguyen
Grace,Patel,White Asian,Grace Patel
Grace,Pham,White Asian,Grace Pham
Grace,Tran,White Asian,Grace Tran
Grace,Wang,White Asian,Grace Wang
Grace,Yang,White Asian,Grace Yang
Jane,Chen,White Asian,Jane Chen
Jane,Kim,White Asian,Jane Kim
Jane,Le,White Asian,Jane Le
Jane,Li,White Asian,Jane Li
Jane,Nguyen,White Asian,Jane Nguyen
Jane,Patel,White Asian,Jane Patel
Jane,Pham,White Asian,Jane Pham
Jane,Tran,White Asian,Jane Tran
Jane,Wang,White Asian,Jane Wang
Jane,Yang,White Asian,Jane Yang
Jennifer,Chen,White Asian,Jennifer Chen
Jennifer,Kim,White Asian,Jennifer Kim
Jennifer,Le,White Asian,Jennifer Le
Jennifer,Li,White Asian,Jennifer Li
Jennifer,Nguyen,White Asian,Jennifer Nguyen
Jennifer,Patel,White Asian,Jennifer Patel
Jennifer,Pham,White Asian,Jennifer Pham
Jennifer,Tran,White Asian,Jennifer Tran
Jennifer,Wang,White Asian,Jennifer Wang
Jennifer,Yang,White Asian,Jennifer Yang
Jenny,Chen,White Asian,Jenny Chen
Jenny,Kim,White Asian,Jenny Kim
Jenny,Le,White Asian,Jenny Le
Jenny,Li,White Asian,Jenny Li
Jenny,Nguyen,White Asian,Jenny Nguyen
Jenny,Patel,White Asian,Jenny Patel
Jenny,Pham,White Asian,Jenny Pham
Jenny,Tran,White Asian,Jenny Tran
Jenny,Wang,White Asian,Jenny Wang
Jenny,Yang,White Asian,Jenny Yang
May,Chen,White Asian,May Chen
May,Kim,White Asian,May Kim
May,Le,White Asian,May Le
May,Li,White Asian,May Li
May,Nguyen,White Asian,May Nguyen
May,Patel,White Asian,May Patel
May,Pham,White Asian,May Pham
May,Tran,White Asian,May Tran
May,Wang,White Asian,May Wang
May,Yang,White Asian,May Yang
Peter,Chen,White Asian,Peter Chen
Peter,Kim,White Asian,Peter Kim
Peter,Le,White Asian,Peter Le
Peter,Li,White Asian,Peter Li
Peter,Nguyen,White Asian,Peter Nguyen
Peter,Patel,White Asian,Peter Patel
Peter,Pham,White Asian,Peter Pham
Peter,Tran,White Asian,Peter Tran
Peter,Wang,White Asian,Peter Wang
Peter,Yang,White Asian,Peter Yang
Sam,Chen,White Asian,Sam Chen
Sam,Kim,White Asian,Sam Kim
Sam,Le,White Asian,Sam Le
Sam,Li,White Asian,Sam Li
Sam,Nguyen,White Asian,Sam Nguyen
Sam,Patel,White Asian,Sam Patel
Sam,Pham,White Asian,Sam Pham
Sam,Tran,White Asian,Sam Tran
Sam,Wang,White Asian,Sam Wang
Sam,Yang,White Asian,Sam Yang
Vivian,Chen,White Asian,Vivian Chen
Vivian,Kim,White Asian,Vivian Kim
Vivian,Le,White Asian,Vivian Le
Vivian,Li,White Asian,Vivian Li
Vivian,Nguyen,White Asian,Vivian Nguyen
Vivian,Patel,White Asian,Vivian Patel
Vivian,Pham,White Asian,Vivian Pham
Vivian,Tran,White Asian,Vivian Tran
Vivian,Wang,White Asian,Vivian Wang
Vivian,Yang,White Asian,Vivian Yang
